色,上の句,下の句,上の句読み,下の句読み,決まり字（競技かるた）,決まり字（五色百人一首）
青,朝[あさ]ぼらけ有明[ありあけ]の月[つき]と見[み]るまでに,吉野[よしの]の里[さと]に降[ふ]れる白雪[しらゆき],あさぼらけ ありあけのつきと みるまでに,よしののさとに ふれるしらゆき,あさぼらけあ,あさ
青,足曳[あしびき]の山鳥[やまどり]の尾[を]のしだり尾[を]の,⾧々[ながなが]し夜[よ]を独[ひと]りかも寝[ね]む,あしびきの やまどりのをの しだりをの,ながながしよを ひとりかもねむ,あし,あし
青,天[あま]つ風[かぜ]雲[くも]の通[かよ]ひ路[ぢ]吹[ふ]きとじよ,をとめの姿[すがた]しばしとどめむ,あまつかぜ くものかよひぢ ふきとぢよ,をとめのすがた しばしとどめむ,あまつ,あま
青,嵐[あらし]吹[ふ]く三室[みむろ]の山[やま]のもみぢ葉[ば]は,龍田[たつた]の川[かは]の錦[にしき]なりけり,あらしふく みむろのやまの もみぢばは,たつたのかはの にしきなりけり,あらし,あら
青,有明[ありあけ]のつれなく見[み]えし別[わか]れより,暁[あかつき]ばかり憂[う]きものはなし,ありあけの つれなくみえし わかれより,あかつきばかり うきものはなし,ありあ,あり
青,いにしへの奈良[なら]の都[みやこ]の八重桜[やへざくら],けふ九重[ここのへ]に匂[にほ]ひぬるかな,いにしへの ならのみやこの やへざくら,けふここのへに にほひぬるかな,いに,い
青,憂[う]かりける人[ひと]を初瀬[はつせ]の山[やま]おろしよ,はげしかれとは祈[いの]らぬものを,うかりける ひとをはつせの やまおろしよ,はげしかれとは いのらぬものを,うか,う
青,奥山[おくやま]に紅葉[もみぢ]踏[ふ]み分[わ]け鳴[な]く鹿[しか]の,声[こゑ]聞[き]く時[とき]ぞ秋[あき]は悲[かな]しき,おくやまに もみぢふみわけ なくしかの,こゑきくときぞ あきはかなしき,おく,おく
青,思[おも]ひ侘[わ]びさても命[いのち]はあるものを,憂[う]きにたへぬは涙[なみだ]なりけり,おもひわびて さてもいのちは あるものを,うきにたへぬは なみだなりけり,おも,おも
青,鵲[かささぎ]の渡[わた]せる橋[はし]に置[お]く霜[しも]の,白[しろ]きを見[み]れば夜[よ]ぞ更[ふ]けにける,かささぎの わたせるはしに おくしもの,しろきをみれば よぞふけにける,かさ,か
青,君[きみ]がため惜[を]しからざりし命[いのち]さへ,永[なが]くもがなと思[おも]ひけるかな,きみがため をしからざりし いのちさへ,ながくもがなと おもひけるかな,きみがためを,きみ
青,きりぎりす鳴[な]くや霜夜[しもよ]のさむしろに,衣[ころも]かたしき独[ひと]りかも寝[ね]む,きりぎりす なくやしもよの さむしろに,ころもかたしき ひとりかもねむ,きり,きり
青,この度[たび]はぬさも取[と]りあへず手向山[たむけやま],紅葉[もみぢ]の錦[にしき]神[かみ]のまにまに,このたびは ぬさもとりあへず たむけやま,もみぢのにしき かみのまにまに,この,こ
青,寂[さび]しさに宿[やど]を立[た]ち出[い]でてながむれば,いづこも同[おな]じ秋[あき]の夕暮[ゆふぐれ],さびしさに やどをたちいでて ながむれば,いづこもおなじ あきのゆふぐれ,さ,さ
青,契[ちぎ]りおきしさせもが露[つゆ]を命[いのち]にて,あはれ今年[ことし]の秋[あき]もいぬめり,ちぎりおきし させもがつゆを いのちにて,あはれことしの あきもいぬめり,ちぎりお,ち
青,陸奥[みちのく]の信夫[しのぶ]もぢずり誰[たれ]故[ゆゑ]に,乱[みだ]れそめにし我[われ]ならなくに,みちのくの しのぶもぢずり たれゆゑに,みだれそめにし われならなくに,みち,み
青,巡[めぐ]り逢[あ]ひて見[み]しやそれともわかぬ間[ま]に,雲[くも]がくれにし夜半[よは]の月[つき]かな,めぐりあひて みしやそれとも わかぬまに,くもがくれにし よはのつきかな,め,め
青,百敷[ももしき]や古[ふる]き軒端[のきば]のしのぶにも,なほあまりある昔[むかし]なりけり,ももしきや ふるきのきばの しのぶにも,なほあまりある むかしなりけり,もも,も
青,夜[よ]をこめて鳥[とり]の空音[そらね]ははかるとも,世[よ]に逢坂[あふさか]の関[せき]は許[ゆる]さじ,よをこめて とりのそらねは はかるとも,よにあふさかの せきはゆるさじ,よを,よ
青,和田[わた]の原[はら]漕[こ]ぎ出[い]でて見[み]れば久方[ひさかた]の,雲[くも]ゐにまがふ沖[おき]つ白波[しらなみ],わたのはら こぎいでてみれば ひさかたの,くもゐにまがふ おきつしらなみ,わたのはらこ,わ
ピンク,秋[あき]の田[た]のかりほの庵[いほ]のとまをあらみ,わが衣手[ころもで]は露[つゆ]にぬれつつ,あきのたの かりほのいほの とまをあらみ,わがころもでは つゆにぬれつつ,あきの,あき
ピンク,有馬山[ありまやま]猪名[ゐな]の笹原[ささはら]風[かぜ]吹[ふ]けば,いでそよ人[ひと]を忘[わす]れやはする,ありまやま ゐなのささはら かぜふけば,いでそよひとを わすれやはする,ありま,あり
ピンク,恨[うら]み侘[わ]び干[ほ]さぬ袖[そで]だにあるものを,恋[こひ]に朽[く]ちなむ名[な]こそ惜[を]しけれ,うらみわび ほさぬそでだに あるものを,こひにくちなむ なこそをしけれ,うら,う
ピンク,音[おと]に聞[き]く高師[たかし]の浜[はま]のあだ浪[なみ]は,かけじや袖[そで]のぬれもこそすれ,おとにきく たかしのはまの あだなみは,かけじやそでの ぬれもこそすれ,おと,お
ピンク,かくとだにえやはいぶきのさしも草[ぐさ],さしも知[し]らじな燃[も]ゆる思[おも]ひを,かくとだに えやはいぶきの さしもぐさ,さしもしらじな もゆるおもひを,かく,かく
ピンク,風[かぜ]をいたみ岩[いは]打[う]つ波[なみ]のおのれのみ,くだけて物[もの]を思[おも]ふころかな,かぜをいたみ いはうつなみの おのれのみ,くだけてものを おもふころかな,かぜを,かぜ
ピンク,来[こ]ぬ人[ひと]をまつほの浦[うら]の夕[ゆふ]なぎに,焼[や]くや藻塩[もしほ]の身[み]もこがれつつ,こぬひとを まつほのうらの ゆふなぎに,やくやもしほの みもこがれつつ,こぬ,こ
ピンク,しのぶれど色[いろ]に出[い]でにけりわが恋[こひ]は,物[もの]や思[おも]ふと人[ひと]の問[と]ふまで,しのぶれど いろにいでにけり わがこひは,ものやおもふと ひとのとふまで,しの,し
ピンク,高砂[たかさご]の尾上[をのへ]の桜[さくら]咲[さ]きにけり,外山[とやま]の霞[かすみ]立[た]たずもあらなむ,たかさごの をのへのさくら さきにけり,とやまのかすみ たたずもあらなむ,たか,たか
ピンク,田子[たご]の浦[うら]にうち出[い]でて見[み]れば白妙[しろたへ]の,富士[ふじ]の高嶺[たかね]に雪[ゆき]は降[ふ]りつつ,たごのうらに うちいでてみれば しろたへの,ふじのたかねに ゆきはふりつつ,たご,たご
ピンク,立[た]ち別[わか]れいなばの山[やま]の峰[みね]に生[お]うる,まつとし聞[き]かば今[いま]帰[かへ]り来[こ]む,たちわかれ いなばのやまの みねにおふる,まつとしきかば いまかへりこむ,たち,たち
ピンク,誰[たれ]をかも知[し]る人[ひと]にせむ高砂[たかさご]の,松[まつ]も昔[むかし]の友[とも]ならなくに,たれをかも しるひとにせむ たかさごの,まつもむかしの ともならなくに,たれ,たれ
ピンク,筑波嶺[つくばね]の峰[みね]より落[お]つる男女川[みなのがは],恋[こひ]ぞつもりて淵[ふち]となりぬる,つくばねの みねよりおつる みなのがは,こひぞつもりて ふちとなりぬる,つく,つ
ピンク,⾧[なが]ならむ心[こころ]も知[し]らず黒髪[くろかみ]の,乱[みだ]れて今朝[けさ]はものをこそ思[おも]へ,ながからむ こころもしらず くろかみの,みだれてけさは ものをこそおもへ,ながか,ながか
ピンク,永[なが]らへばまたこの頃[ごろ]やしのばれむ,憂[う]しと見[み]し世[よ]ぞ今[いま]は恋[こひ]しき,ながらへば またこのごろや しのばれむ,うしとみしよぞ いまはこひしき,ながら,ながら
ピンク,嘆[なげ]けとて月[つき]やはものを思[おも]はする,かこち顔[がほ]なるわが涙[なみだ]かな,なげけとて つきやはものを おもはする,かこちがほなる わがなみだかな,なげけ,なげ
ピンク,吹[ふ]くからに秋[あき]の草木[くさき]のしをるれば,むべ山風[やまかぜ]を嵐[あらし]といふらむ,ふくからに あきのくさきの しをるれば,むべやまかぜを あらしといふらむ,ふ,ふ
ピンク,もろともにあはれと思[おも]へ山桜[やまざくら],花[はな]より外[ほか]に知[し]る人[ひと]もなし,もろともに あはれとおもへ やまざくら,はなよりほかに しるひともなし,もろ,も
ピンク,山里[やまざと]は冬[ふゆ]ぞ寂[さび]しさまさりける,人目[ひとめ]も草[くさ]もかれぬと思[おも]へば,やまざとは ふゆぞさびしさ まさりける,ひとめもくさも かれぬとおもへば,やまざ,や
ピンク,世[よ]の中[なか]よ道[みち]こそなけれ思[おも]ひ入[い]る,山[やま]の奥[おく]にも鹿[しか]ぞ鳴[な]くなる,よのなかよ みちこそなけれ おもひいる,やまのおくにも しかぞなくなる,よのなかよ,よ
黄,秋風[あきかぜ]にたなびく雲[くも]の絶[た]え間[ま]より,もれ出[い]づる月[つき]の影[かげ]のさやけさ,あきかぜに たなびくくもの たえまより,もれいづるつきの かげのさやけさ,あきか,あき
黄,浅茅生[あさぢふ]の小野[をの]の篠原[しのはら]しのぶれど,あまりてなどか人[ひと]の恋[こひ]しき,あさぢふの をののしのはら しのぶれど,あまりてなどか ひとのこひしき,あさじ,あさ
黄,天[あま]の原[はら]振[ふ]りさけ見[み]れば春日[かすが]なる,三笠[みかさ]の山[やま]に出[い]でし月[つき]かも,あまのはら ふりさけみれば かすがなる,みかさのやまに いでしつきかも,あまの,あま
黄,淡路島[あはぢしま]通[かよ]ふ千鳥[ちどり]の鳴[な]く声[こゑ]に,いく夜[よ]寝[ね]ざめぬ須磨[すま]の関守[せきもり],あはぢしま かよふちどりの なくこゑに,いくよねざめぬ すまのせきもり,あわじ,あわ
黄,大江山[おほえやま]いく野[の]の道[みち]の遠[とほ]ければ,まだふみも見[み]ず天[あま]の橋立[はしだて],おほえやま いくののみちの とほければ,まだふみもみず あまのはしだて,おおえ,お
黄,これやこの行[ゆ]くも帰[かへ]るも別[わか]れては,知[し]るも知[し]らぬも逢坂[あふさか]の関[せき],これやこの ゆくもかへるも わかれては,しるもしらぬも あふさかのせき,これ,こ
黄,白露[しらつゆ]に風[かぜ]の吹[ふ]きしく秋[あき]の野[の]は,つらぬきとめぬ玉[たま]ぞ散[ち]りける,しらつゆに かぜのふきしく あきののは,つらぬきとめぬ たまぞちりける,しら,し
黄,住[すみ]の江[え]の岸[きし]に寄[よ]る波[なみ]寄[よ]るさへや,夢[ゆめ]の通[かよ]ひ路[ぢ]人目[ひとめ]よくらむ,すみのえの きしによるなみ よるさへや,ゆめのかよひぢ ひとめよくらむ,す,す
黄,滝[たき]の音[おと]は絶[た]えて久[ひさ]しくなりぬれど,名[な]こそ流[なが]れてなほ聞[き]こえけれ,たきのおとは たえてひさしく なりぬれど,なこそながれて なほきこえけれ,たき,たき
黄,玉[たま]の緒[を]よ絶[た]えなば絶[た]えね永[なが]らへば,しのぶる事[こと]の弱[よわ]りもぞする,たまのをよ たえなばたえね ながらへば,しのぶることの よわりもぞする,たま,たま
黄,花[はな]さそふ嵐[あらし]の庭[には]の雪[ゆき]ならで,ふりゆくものはわが身[み]なりけり,はなさそふ あらしのにはの ゆきならで,ふりゆくものは わがみなりけり,はなさ,はな
黄,春[はる]過[す]ぎて夏[なつ]来[き]にけらし白妙[しろたへ]の,衣[ころも]干[ほ]すてふ天[あま]の香具山[かぐやま],はるすぎて なつきにけらし しろたへの,ころもほすてふ あまのかぐやま,はるす,はる
黄,久方[ひさかた]の光[ひかり]のどけき春[はる]の日[ひ]に,しづ心[こころ]なく花[はな]の散[ち]るらむ,ひさかたの ひかりのどけき はるのひに,しづこころなく はなのちるらむ,ひさ,ひ
黄,ほととぎす鳴[な]きつる方[かた]をながむれば,ただ有明[ありあけ]の月[つき]ぞ残[のこ]れる,ほととぎす なきつるかたを ながむれば,ただありあけの つきぞのこれる,ほ,ほ
黄,み吉野[よしの]の山[やま]の秋風[あきかぜ]さ夜[よ]更[ふ]けて,ふるさと寒[さむ]く衣[ころも]うつなり,みよしのの やまのあきかぜ さよふけて,ふるさとさむく ころもうつなり,みよ,み
黄,村雨[むらさめ]の露[つゆ]のまだ干[ひ]ぬまきの葉[は]に,霧[きり]立[た]ちのぼる秋[あき]の夕暮[ゆふぐれ],むらさめの つゆのまだひぬ まきのはに,きりたちのぼる あきのゆふぐれ,む,む
黄,八重[やへ]むぐらしげれる宿[やど]の寂[さび]しきに,人[ひと]こそ見[み]えね秋[あき]は来[き]にけり,やへむぐら しげれるやどの さびしきに,ひとこそみえね あきはきにけり,やえ,やえ
黄,山川[やまがは]に風[かぜ]のかけたるしがらみは,流[なが]れもあへぬ紅葉[もみぢ]なりけり,やまがはに かぜのかけたる しがらみは,ながれもあへぬ もみぢなりけり,やまが,やま
黄,由良[ゆら]の門[と]をわたる舟人[ふなびと]かぢを絶[た]え,ゆくへも知[し]らぬ恋[こひ]の道[みち]かな,ゆらのとを わたるふなびと かぢをたえ,ゆくへもしらぬ こひのみちかな,ゆら,ゆ
黄,夜[よ]もすがら物[もの]思[おも]ふころは明[あ]けやらで,ねやの隙[ひま]さへつれなかりけり,よもすがら ものおもふころは あけやらで,ねやのひまさへ つれなかりけり,よも,よ
緑,小倉山[をぐらやま]峰[みね]のもみぢ葉[ば]心[こころ]あらば,今[いま]一度[ひとたび]のみゆき待[ま]たなむ,をぐらやま みねのもみぢば こころあらば,いまひとたびの みゆきまたなむ,おぐ,お
緑,君[きみ]がため春[はる]の野[の]に出[い]でて若菜[わかな]つむ,わが衣手[ころもで]に雪[ゆき]は降[ふ]りつつ,きみがため はるののにいでて わかなつむ,わがころもでに ゆきはふりつつ,きみがためは,き
緑,恋[こひ]すてふわが名[な]はまだき立[た]ちにけり,人[ひと]知[し]れずこそ思[おも]ひそめしか,こひすてふ わがなはまだき たちにけり,ひとしれずこそ おもひそめしか,こい,こい
緑,心[こころ]あてに折[を]らばや折[を]らむ初霜[はつしも]の,置[お]きまどはせる白菊[しらぎく]の花[はな],こころあてに をらばやをらむ はつしもの,おきまどはせる しらぎくのはな,こころあ,こころあ
緑,心[こころ]にもあらで憂[う]き世[よ]に永[なが]らへば,恋[こひ]しかるべき夜半[よは]の月[つき]かな,こころにも あらでうきよに ながらへば,こひしかるべき よはのつきかな,こころに,こころに
緑,契[ちぎ]りきなかたみに袖[そで]をしぼりつつ,末[すゑ]の松山[まつやま]波[なみ]こさじとは,ちぎりきな かたみにそでを しぼりつつ,すゑのまつやま なみこさじとは,ちぎりき,ちぎ
緑,千早振[ちはやぶ]る神代[かみよ]も聞[き]かず龍田川[たつたがは],から紅[くれなゐ]に水[みづ]くくるとは,ちはやぶる かみよもきかず たつたがは,からくれなゐに みづくくるとは,ちは,ちは
緑,月[つき]見[み]れば千々[ちぢ]に物[もの]こそ悲[かな]しけれ,わが身[み]一[ひと]つの秋[あき]にはあらねど,つきみれば ちぢにものこそ かなしけれ,わがみひとつの あきにはあらねど,つき,つ
緑,夏[なつ]の夜[よ]はまだ宵[よひ]ながら明[あ]けぬるを,雲[くも]のいづこに月[つき]やどるらむ,なつのよは まだよひながら あけぬるを,くものいづこに つきやどるらむ,なつ,な
緑,花[はな]の色[いろ]は移[うつ]りにけりないたづらに,わが身[み]世[よ]に経[ふ]るながめせし間[ま]に,はなのいろは うつりにけりな いたづらに,わがみよにふる ながめせしまに,はなの,は
緑,人[ひと]はいさ心[こころ]も知[し]らずふるさとは,花[はな]ぞ昔[むかし]の香[か]に匂[にほ]ひける,ひとはいさ こころもしらず ふるさとは,はなぞむかしの かににほひける,ひとは,ひ
緑,安[やす]らはで寝[ね]なましものをさ夜[よ]更[ふ]けて,かたぶくまでの月[つき]を見[み]しかな,やすらはで ねなましものを さよふけて,かたぶくまでの つきをみしかな,やすら,や
緑,夕[ゆふ]されば門田[かどた]のいなばおとづれて,蘆[あし]のまろやに秋風[あきかぜ]ぞふく,ゆふされば かどたのいなば おとづれて,あしのまろやに あきかぜぞふく,ゆう,ゆ
緑,世[よ]の中[なか]は常[つね]にもがもな渚[なぎさ]漕[こ]ぐ,あまの小舟[をぶね]の綱手[つなで]悲[かな]しも,よのなかは つねにもがもな なぎさこぐ,あまのをぶねの つなでかなしも,よのなかは,よ
緑,わが庵[いほ]は都[みやこ]のたつみ鹿[しか]ぞ住[す]む,世[よ]をうぢ山[やま]と人[ひと]はいふなり,わがいほは みやこのたつみ しかぞすむ,よをうぢやまと ひとはいふなり,わがい,わがい
緑,わが袖[そで]は潮干[しほひ]に見[み]えぬ沖[おき]の石[いし]の,人[ひと]こそ知[し]らねかわく間[ま]もなし,わがそでは しほひにみえぬ おきのいしの,ひとこそしらね かわくまもなし,わがそ,わがそ
緑,忘[わす]らるる身[み]をば思[おも]はずちかひてし,人[ひと]の命[いのち]の惜[を]しくもあるかな,わすらるる みをばおもはず ちかひてし,ひとのいのちの をしくもあるかな,わすら,わすら
緑,忘[わす]れじの行[ゆ]く末[すゑ]まではかたければ,今日[けふ]かぎりの命[いのち]ともがな,わすれじの ゆくすゑまでは かたければ,けふかぎりの いのちともがな,わすれ,わすれ
緑,和田[わた]の原[はら]八十島[やそしま]かけて漕[こ]ぎ出[い]でぬと,人[ひと]には告[つ]げよあまの釣舟[つりぶね],わたのはら やそしまかけて こぎいでぬと,ひとにはつげよ あまのつりぶね,わたのはらや,わた
緑,侘[わ]びぬれば今[いま]はた同[おな]じ難波[なには]なる,みをつくしても逢[あ]はむとぞ思[おも]ふ,わびぬれば いまはたおなじ なにはなる,みをつくしても あはむとぞおもふ,わび,わび
オレンジ,逢[あ]ひ見[み]ての後[のち]の心[こころ]にくらぶれば,昔[むかし]は物[もの]を思[おも]はざりけり,あひみての のちのこころに くらぶれば,むかしはものを おもはざりけり,あい,あい
オレンジ,明[あ]けぬれば暮[く]るるものとは知[し]りながら,なほ恨[うら]めしき朝[あさ]ぼらけかな,あけぬれば くるるものとは しりながら,なほうらめしき あさぼらけかな,あけ,あけ
オレンジ,朝[あさ]ぼらけ宇治[うぢ]の川霧[かはぎり]絶[た]え絶[だ]えに,あらはれ渡[わた]る瀬々[せぜ]のあじろぎ,あさぼらけ うぢのかはぎり たえだえに,あらはれわたる せぜのあじろぎ,あさぼらけう,あさ
オレンジ,あらざらむこの世[よ]の外[ほか]の思[おも]ひ出[で]に,今[いま]一度[ひとたび]の逢[あ]ふ事[こと]もがな,あらざらむ このよのほかの おもひでに,いまひとたびの あふこともがな,あらざ,あら
オレンジ,哀[あは]れともいふべき人[ひと]は思[おも]ほえで,身[み]のいたづらになりぬべきかな,あはれとも いふべきひとは おもほえで,みのいたづらに なりぬべきかな,あわれ,あわ
オレンジ,今[いま]来[こ]むといひしばかりに⾧月[ながつき]の,有明[ありあけ]の月[つき]を待[ま]ち出[い]でつるかな,いまこむと いひしばかりに ながつきの,ありあけのつきを まちいでつるかな,いまこ,いまこ
オレンジ,今[いま]はただ思[おも]ひ絶[た]えなむとばかりを,人[ひと]づてならでいふよしもがな,いまはただ おもひたえなむ とばかりを,ひとづてならで いふよしもがな,いまは,いまは
オレンジ,おほけなく浮世[うきよ]の民[たみ]におほふかな,わがたつ杣[そま]に墨染[すみぞめ]の袖[そで],おほけなく うきよのたみに おほふかな,わがたつそまに すみぞめのそで,おほけ,おほけ
オレンジ,逢[あ]ふ事[こと]の絶[た]えてしなくばなかなかに,人[ひと]をも身[み]をも恨[うら]みざらまし,あふことの たえてしなくば なかなかに,ひとをもみをも うらみざらまし,おふこ,おふこ
オレンジ,風[かぜ]そよぐ奈良[なら]の小川[をがは]の夕暮[ゆふぐれ]は,みそぎぞ夏[なつ]のしるしなりける,かぜそよぐ ならのをがはの ゆふぐれは,みそぎぞなつの しるしなりける,かぜそ,か
オレンジ,瀬[せ]を早[はや]み岩[いは]にせかるる滝川[たきがは]の,われても末[すゑ]に逢[あ]はむとぞ思[おも]ふ,せをはやみ いはにせかるる たきがはの,われてもすゑに あはむとぞおもふ,せ,せ
オレンジ,なげきつつ独[ひと]り寝[ね]る夜[よ]の明[あ]くる間[ま]は,いかに久[ひさ]しきものとかは知[し]る,なげきつつ ひとりぬるよの あくるまは,いかにひさしき ものとかはしる,なげき,なげ
オレンジ,名[な]にしおはば逢坂山[あふさかやま]のさなかづら,人[ひと]に知[し]られでくるよしもがな,なにしおはば あふさかやまの さなかづら,ひとにしられで くるよしもがな,なにし,なにし
オレンジ,難波江[なにはえ]の蘆[あし]のかり寝[ね]のひと夜[よ]ゆゑ,身[み]を尽[つ]くしてや恋[こ]ひわたるべき,なにはえの あしのかりねの ひとよゆゑ,みをつくしてや こひわたるべき,なにわえ,なにわえ
オレンジ,難波[なには]がた短[みじか]き蘆[あし]のふしの間[ま]も,逢[あ]はでこの世[よ]をすぐしてよとや,なにはがた みじかきあしの ふしのまも,あはでこのよを すぐしてよとや,なにわが,なにわが
オレンジ,春[はる]の夜[よ]の夢[ゆめ]ばかりなる手枕[たまくら]に,かひなく立[た]たむ名[な]こそ惜[を]しけれ,はるのよの ゆめばかりなる たまくらに,かひなくたたむ なこそをしけれ,はるの,は
オレンジ,人[ひと]も惜[を]し人[ひと]も恨[うら]めし味気[あぢき]なく,世[よ]を思[おも]ふ故[ゆゑ]に物[もの]思[おも]ふ身[み]は,ひともをし ひともうらめし あぢきなく,よをおもふゆゑに ものおもふみは,ひとも,ひ
オレンジ,御垣守[みかきもり]衛士[ゑじ]のたく火[ひ]の夜[よる]は燃[も]え,昼[ひる]は消[き]えつつ物[もの]をこそ思[おも]へ,みかきもり ゑじのたくひの よるはもえ,ひるはきえつつ ものをこそおもへ,みかき,みかき
オレンジ,みかの原[はら]わきて流[なが]るる泉川[いづみがは],いつみきとてか恋[こひ]しかるらむ,みかのはら わきてながるる いづみがは,いつみきとてか こひしかるらむ,みかの,みかの
オレンジ,見[み]せばやな雄島[をじま]のあまの袖[そで]だにも,ぬれにぞぬれし色[いろ]は変[か]はらず,みせばやな をじまのあまの そでだにも,ぬれにぞぬれし いろはかはらず,みせ,みせ
